Approach,Rank,Chkpt ID,Chunk Size,Uncompressed Size,Compressed Size,Max Memory Usage,Compression Throughput,Compression Ratio,Compression Runtime
Full,0,0,32,5348897756,5348897756,5867831296,3401351268.0375943,1.0,1.572580229
Full,0,0,32,5348897756,5348897756,5867831296,3388509933.847477,1.0,1.578539789
Full,0,0,32,5348897756,5348897756,5867831296,3354043977.392296,1.0,1.59476077
Full,0,0,64,5348897756,5348897756,5867831296,3415409954.9819226,1.0,1.566107093
Full,0,0,64,5348897756,5348897756,5867831296,3109911965.4130807,1.0,1.719951502
Full,0,0,64,5348897756,5348897756,5867831296,3420172494.6744165,1.0,1.563926312
Full,0,0,128,5348897756,5348897756,5867831296,2676745410.462124,1.0,1.998284086
Full,0,0,128,5348897756,5348897756,5867831296,3350527314.145101,1.0,1.596434607
Full,0,0,128,5348897756,5348897756,5867831296,3341087412.7563033,1.0,1.60094517
Full,0,0,256,5348897756,5348897756,5867831296,3087552445.1572995,1.0,1.7324070930000002
Full,0,0,256,5348897756,5348897756,5867831296,3391959700.906939,1.0,1.5769343470000001
Full,0,0,256,5348897756,5348897756,5867831296,3376816065.3552876,1.0,1.584006251
Full,0,0,512,5348897756,5348897756,5867831296,3368833371.8274045,1.0,1.587759668
Full,0,0,512,5348897756,5348897756,5867831296,3165478731.8346066,1.0,1.689759499
Full,0,0,512,5348897756,5348897756,5867831296,3261940651.7930474,1.0,1.639790029
Full,0,0,1024,5348897756,5348897756,5867831296,3374745667.059039,1.0,1.584978035
Full,0,0,1024,5348897756,5348897756,5867831296,3393367258.096187,1.0,1.57628024
Full,0,0,1024,5348897756,5348897756,5867831296,3358576446.522997,1.0,1.592608607
Full,0,0,2048,5348897756,5348897756,5867831296,1790243360.567995,1.0,2.987804828
Full,0,0,2048,5348897756,5348897756,5867831296,2514894330.7502127,1.0,2.126887675
Full,0,0,2048,5348897756,5348897756,5867831296,3045811124.8492465,1.0,1.756148867
Full,0,0,4096,5348897756,5348897756,5867831296,3265292377.911716,1.0,1.638106833
Full,0,0,4096,5348897756,5348897756,5867831296,3256756800.076681,1.0,1.642400119
Full,0,0,4096,5348897756,5348897756,5867831296,3255436225.648931,1.0,1.643066362
Basic,0,0,32,5348897756,6017510012,14583595008,1745494913.8849874,0.8888888834972162,3.0644017999999997
Basic,0,0,32,5348897756,6017510012,14583595008,1736212775.9203684,0.8888888834972162,3.0807847
Basic,0,0,32,5348897756,6017510012,14583595008,1798677002.5485277,0.8888888834972162,2.9737956
Basic,0,0,64,5348897756,5683203936,12899581952,1964424238.248633,0.9411764589543669,2.7228832
Basic,0,0,64,5348897756,5683203936,12899581952,2278414135.5191193,0.9411764589543669,2.3476407
Basic,0,0,64,5348897756,5683203936,12899581952,2506185817.762652,0.9411764589543669,2.1342782
Basic,0,0,128,5348897756,5516050880,12060721152,2809028300.2538414,0.9696969575451052,1.9041808
Basic,0,0,128,5348897756,5516050880,12060721152,2812698493.7288346,0.9696969575451052,1.9016961000000001
Basic,0,0,128,5348897756,5516050880,12060721152,2800505218.913746,0.9696969575451052,1.909976
Basic,0,0,256,5348897756,5432474352,11641290752,2363663211.5457144,0.9846153721886913,2.2629695
Basic,0,0,256,5348897756,5432474352,11641290752,2233734417.640233,0.9846153721886913,2.3945988
Basic,0,0,256,5348897756,5432474352,11641290752,2250881488.3824897,0.9846153721886913,2.3763569
Basic,0,0,512,5348897756,5390686088,11429478400,3130307773.248788,0.9922480494471708,1.708745
Basic,0,0,512,5348897756,5390686088,11429478400,3144979663.9575853,0.9922480494471708,1.7007734
Basic,0,0,512,5348897756,5390686088,11429478400,3149661080.214845,0.9922480494471708,1.6982455
Basic,0,0,1024,5348897756,5369791956,11322523648,3271336832.9783964,0.9961089367760974,1.6350801000000001
Basic,0,0,1024,5348897756,5369791956,11322523648,3265381946.799446,0.9961089367760974,1.6380619
Basic,0,0,1024,5348897756,5369791956,11322523648,3252423969.2601447,0.9961089367760974,1.6445881
Basic,0,0,2048,5348897756,5359345916,11270094848,2480371123.2910833,0.99805047851664,2.1564909
Basic,0,0,2048,5348897756,5359345916,11270094848,2481764093.3511906,0.99805047851664,2.1552805
Basic,0,0,2048,5348897756,5359345916,11270094848,2134129194.8070686,0.99805047851664,2.5063608
Basic,0,0,4096,5348897756,5354124432,11244929024,3157321963.6875653,0.9990238037859632,1.6941249
Basic,0,0,4096,5348897756,5354124432,11244929024,3216336088.6638083,0.9990238037859632,1.66304068
Basic,0,0,4096,5348897756,5354124432,11244929024,3206541837.2656164,0.9990238037859632,1.66812037
List,0,0,32,5348897756,1357813860,20849885184,2727450607.4187875,3.9393453797857094,1.9611345999999998
List,0,0,32,5348897756,1357813860,20849885184,2979113921.3997927,3.9393453797857094,1.795466
List,0,0,32,5348897756,1357813860,20849885184,2973285806.544066,3.9393453797857094,1.7989854000000003
List,0,0,64,5348897756,745267184,13407092736,5607028528.360114,7.177154543812572,0.9539630000000001
List,0,0,64,5348897756,745267184,13407092736,5615762732.061474,7.177154543812572,0.9524793
List,0,0,64,5348897756,745267184,13407092736,5548451705.504669,7.177154543812572,0.9640343
List,0,0,128,5348897756,521597488,9770631168,9969901014.828205,10.254838029434682,0.5365046
List,0,0,128,5348897756,521597488,9770631168,10263820844.336195,10.254838029434682,0.5211409899999999
List,0,0,128,5348897756,521597488,9770631168,10166335868.288296,10.254838029434682,0.52613821
List,0,0,256,5348897756,507979820,8065646592,12213810286.147484,10.529744579223639,0.4379385
List,0,0,256,5348897756,507979820,8065646592,12461652732.366856,10.529744579223639,0.4292286
List,0,0,256,5348897756,507979820,8065646592,12192392649.50384,10.529744579223639,0.4387078
List,0,0,512,5348897756,618040320,7325351936,17910393269.39401,8.654609712194828,0.29864769999999996
List,0,0,512,5348897756,618040320,7325351936,17586710505.50676,8.654609712194828,0.30414430000000003
List,0,0,512,5348897756,618040320,7325351936,17858101189.160606,8.654609712194828,0.29952219999999996
List,0,0,1024,5348897756,800487764,7090470912,17396260353.720963,6.682048116852914,0.307474
List,0,0,1024,5348897756,800487764,7071596544,17485629427.67712,6.682048116852914,0.30590249999999997
List,0,0,1024,5348897756,800487764,7090470912,17516814714.7986,6.682048116852914,0.3053579
List,0,0,2048,5348897756,1011600536,7046430720,9584958792.311531,5.287559234745205,0.5580512
List,0,0,2048,5348897756,1011600536,7067402240,8736784125.765055,5.287559234745205,0.6122273
List,0,0,2048,5348897756,1011600536,7067402240,9257878747.33608,5.287559234745205,0.5777671
List,0,0,4096,5348897756,1200695336,7172259840,12797545035.108389,4.454833458268718,0.41796279999999997
List,0,0,4096,5348897756,1200695336,7155482624,13128880889.393753,4.454833458268718,0.4074146
List,0,0,4096,5348897756,1200695336,7155482624,13031903205.875359,4.454833458268718,0.4104464
TreeLowOffset,0,0,32,5348897756,1357084440,28974252032,1858062616.0660007,3.9414627405204055,2.87875
TreeLowOffset,0,0,32,5348897756,1357084440,28974252032,1870526511.6968718,3.9414627405204055,2.859568
TreeLowOffset,0,0,32,5348897756,1357084440,28974252032,1865967902.924557,3.9414627405204055,2.866554
TreeLowOffset,0,0,64,5348897756,743852780,17733517312,3569327457.5212555,7.190801593831511,1.498573
TreeLowOffset,0,0,64,5348897756,743852780,17733517312,3538477966.2855787,7.190801593831511,1.511638
TreeLowOffset,0,0,64,5348897756,743852780,17733517312,3615620099.1492414,7.190801593831511,1.479386
TreeLowOffset,0,0,128,5348897756,519730772,11943280640,6299416749.302211,10.291670311181806,0.8491099999999999
TreeLowOffset,0,0,128,5348897756,519730772,11943280640,6646203435.614839,10.291670311181806,0.804805
TreeLowOffset,0,0,128,5348897756,519730772,11943280640,6613865712.095358,10.291670311181806,0.80874
TreeLowOffset,0,0,256,5348897756,506080676,10179575808,8819455996.190529,10.569259032526269,0.6064884
TreeLowOffset,0,0,256,5348897756,506080676,10179575808,8749139841.210464,10.569259032526269,0.6113626999999999
TreeLowOffset,0,0,256,5348897756,506080676,10179575808,8630166430.35037,10.569259032526269,0.6197908
TreeLowOffset,0,0,512,5348897756,616333320,7874805760,14361315359.463963,8.678579564706967,0.3724518
TreeLowOffset,0,0,512,5348897756,616333320,7874805760,13710383580.239445,8.678579564706967,0.3901348
TreeLowOffset,0,0,512,5348897756,616333320,8048869376,13979068776.033215,8.678579564706967,0.3826362
TreeLowOffset,0,0,1024,5348897756,799032608,7369392128,14515869945.740164,6.694217110098215,0.36848620000000004
TreeLowOffset,0,0,1024,5348897756,799032608,7350517760,14901155052.421087,6.694217110098215,0.3589586
TreeLowOffset,0,0,1024,5348897756,799032608,7369392128,15187642253.061226,6.694217110098215,0.3521875
TreeLowOffset,0,0,2048,5348897756,1010444968,7203717120,8580421948.590276,5.293606208547124,0.6233839999999999
TreeLowOffset,0,0,2048,5348897756,1010444968,7235174400,9144690534.611322,5.293606208547124,0.5849184000000001
TreeLowOffset,0,0,2048,5348897756,1010444968,7235174400,12866048991.502808,5.293606208547124,0.41573740000000003
TreeLowOffset,0,0,4096,5348897756,1199841116,7230980096,12743559974.021606,4.458005051395488,0.4197334
TreeLowOffset,0,0,4096,5348897756,1199841116,7230980096,12816569215.109703,4.458005051395488,0.4173424
TreeLowOffset,0,0,4096,5348897756,1199841116,7245660160,12764235965.097536,4.458005051395488,0.41905349999999997
Full,0,1,32,5348897756,5348897756,5867831296,3436210022.6862745,1.0,1.5566271329999999
Full,0,1,32,5348897756,5348897756,5867831296,3410959529.9930596,1.0,1.56815046
Full,0,1,32,5348897756,5348897756,5867831296,3419962474.155253,1.0,1.564022353
Full,0,1,64,5348897756,5348897756,5867831296,3459957726.322391,1.0,1.545943095
Full,0,1,64,5348897756,5348897756,5867831296,2673591756.5659456,1.0,2.0006411760000002
Full,0,1,64,5348897756,5348897756,5867831296,3467340270.5124865,1.0,1.5426515250000001
Full,0,1,128,5348897756,5348897756,5867831296,3289104056.718289,1.0,1.626247654
Full,0,1,128,5348897756,5348897756,5867831296,3385261065.852612,1.0,1.580054729
Full,0,1,128,5348897756,5348897756,5867831296,3390995158.0849338,1.0,1.5773828939999999
Full,0,1,256,5348897756,5348897756,5867831296,3435236796.856525,1.0,1.557068136
Full,0,1,256,5348897756,5348897756,5867831296,3448441479.704018,1.0,1.551105851
Full,0,1,256,5348897756,5348897756,5867831296,2753739851.238596,1.0,1.942412154
Full,0,1,512,5348897756,5348897756,5867831296,3530209841.637554,1.0,1.515178416
Full,0,1,512,5348897756,5348897756,5867831296,3417302659.888468,1.0,1.5652396899999999
Full,0,1,512,5348897756,5348897756,5867831296,3370704912.091593,1.0,1.586878085
Full,0,1,1024,5348897756,5348897756,5867831296,3438127767.0314755,1.0,1.555758866
Full,0,1,1024,5348897756,5348897756,5867831296,3432639136.854585,1.0,1.5582464520000001
Full,0,1,1024,5348897756,5348897756,5867831296,3437640609.2338743,1.0,1.5559793370000001
Full,0,1,2048,5348897756,5348897756,5867831296,2574358592.1079583,1.0,2.077759397
Full,0,1,2048,5348897756,5348897756,5867831296,2531728192.4680624,1.0,2.112745662
Full,0,1,2048,5348897756,5348897756,5867831296,2959499097.5988874,1.0,1.8073659020000001
Full,0,1,4096,5348897756,5348897756,5867831296,3319573290.7029667,1.0,1.61132088
Full,0,1,4096,5348897756,5348897756,5867831296,3319746985.4105654,1.0,1.611236573
Full,0,1,4096,5348897756,5348897756,5867831296,3307262592.671776,1.0,1.617318736
Basic,0,1,32,5348897756,426153092,14583595008,13445832861.80476,12.551587343639408,0.39781081700000004
Basic,0,1,32,5348897756,426153092,14583595008,13538412461.484041,12.551587343639408,0.39509047100000005
Basic,0,1,32,5348897756,426153092,14583595008,13523724575.63238,12.551587343639408,0.395519572
Basic,0,1,64,5348897756,443883428,12899581952,18978622594.58392,12.050230800686707,0.28183803799999996
Basic,0,1,64,5348897756,443883428,12899581952,19188642468.463818,12.050230800686707,0.278753318
Basic,0,1,64,5348897756,443883428,12899581952,19482083818.16689,12.050230800686707,0.274554704
Basic,0,1,128,5348897756,488005088,12060721152,23934428221.53293,10.96074177816769,0.22348132599999998
Basic,0,1,128,5348897756,488005088,12060721152,22811872030.073864,10.96074177816769,0.234478685
Basic,0,1,128,5348897756,488005088,12060721152,23169592665.880222,10.96074177816769,0.23085851500000001
Basic,0,1,256,5348897756,561879012,11641290752,20580251510.33231,9.519661068956248,0.259904392
Basic,0,1,256,5348897756,561879012,11641290752,20364314987.75264,9.519661068956248,0.262660333
Basic,0,1,256,5348897756,561879012,11641290752,19897747860.360676,9.519661068956248,0.268819255
Basic,0,1,512,5348897756,667882568,11429478400,22472799592.838364,8.008739877756474,0.23801652899999998
Basic,0,1,512,5348897756,667882568,11429478400,22820474038.388107,8.008739877756474,0.2343903
Basic,0,1,512,5348897756,667882568,11429478400,22855997765.820904,8.008739877756474,0.23402600099999998
Basic,0,1,1024,5348897756,803051016,11322523648,20449607791.08477,6.660719741870048,0.261564809
Basic,0,1,1024,5348897756,803051016,11322523648,20504910924.201447,6.660719741870048,0.260859351
Basic,0,1,1024,5348897756,803051016,11322523648,19940983090.6924,6.660719741870048,0.268236412
Basic,0,1,2048,5348897756,950041148,11270094848,13557312517.825045,5.630174826911813,0.39453968100000003
Basic,0,1,2048,5348897756,950041148,11270094848,14053874520.227312,5.630174826911813,0.38059951
Basic,0,1,2048,5348897756,950041148,11270094848,9278524978.237202,5.630174826911813,0.576481474
Basic,0,1,4096,5348897756,1080616532,11244929024,14901811098.329409,4.949857417136017,0.358942797
Basic,0,1,4096,5348897756,1080616532,11244929024,15127013890.091011,4.949857417136017,0.353599051
Basic,0,1,4096,5348897756,1080616532,11244929024,14976033215.903105,4.949857417136017,0.357163855
List,0,1,32,5348897756,111652292,20849885184,60629611227.09119,47.90674387588926,0.08822253099999999
List,0,1,32,5348897756,111652292,20849885184,57872049776.84321,47.90674387588926,0.092426271
List,0,1,32,5348897756,111652292,20849885184,59596560630.002396,47.90674387588926,0.089751786
List,0,1,64,5348897756,121594224,13407092736,62355106775.68974,43.98973553217462,0.08578123
List,0,1,64,5348897756,121594224,13407092736,58634192444.62778,43.98973553217462,0.09122489
List,0,1,64,5348897756,121594224,13407092736,72759376198.7792,43.98973553217462,0.073514893
List,0,1,128,5348897756,212860512,9770631168,59231634368.01389,25.128652119374777,0.090304747
List,0,1,128,5348897756,212860512,9770631168,57407706236.24353,25.128652119374777,0.093173863
List,0,1,128,5348897756,212860512,9770631168,59353709262.73117,25.128652119374777,0.090119014
List,0,1,256,5348897756,342640792,8065646592,35694968366.03923,15.610802569006436,0.149850189
List,0,1,256,5348897756,342640792,8065646592,35715133507.777504,15.610802569006436,0.149765582
List,0,1,256,5348897756,342640792,8065646592,34879632554.0122,15.610802569006436,0.153353042
List,0,1,512,5348897756,500273572,7325351936,30523833903.34311,10.691945478183285,0.17523676000000002
List,0,1,512,5348897756,500273572,7325351936,31509188906.635456,10.691945478183285,0.169756758
List,0,1,512,5348897756,500273572,7325351936,31504868967.6616,10.691945478183285,0.169780035
List,0,1,1024,5348897756,674496352,7090470912,24744742650.173645,7.930210059905558,0.216162998
List,0,1,1024,5348897756,674496352,7071596544,24692369645.1087,7.930210059905558,0.216621484
List,0,1,1024,5348897756,674496352,7090470912,24684165424.043537,7.930210059905558,0.216693482
List,0,1,2048,5348897756,852276644,7046430720,14733081280.539398,6.276011191502275,0.36305357
List,0,1,2048,5348897756,852276644,7067402240,12923253099.876308,6.276011191502275,0.41389716
List,0,1,2048,5348897756,852276644,7067402240,12761296064.76955,6.276011191502275,0.41915004
List,0,1,4096,5348897756,1007860788,7172259840,16148044369.237753,5.307179145856402,0.33124121
List,0,1,4096,5348897756,1007860788,7155482624,16350343342.37607,5.307179145856402,0.32714284
List,0,1,4096,5348897756,1007860788,7155482624,16311720889.257978,5.307179145856402,0.32791744
TreeLowOffset,0,1,32,5348897756,55392776,28974252032,73878679773.11562,96.56309255921747,0.072401101
TreeLowOffset,0,1,32,5348897756,55392776,28974252032,74232893452.81953,96.56309255921747,0.072055628
TreeLowOffset,0,1,32,5348897756,55392776,28974252032,72840404888.72636,96.56309255921747,0.073433114
TreeLowOffset,0,1,64,5348897756,97773332,17733517312,56061100074.17311,54.70712357435052,0.09541193
TreeLowOffset,0,1,64,5348897756,97773332,17733517312,73866692941.9295,54.70712357435052,0.07241285
TreeLowOffset,0,1,64,5348897756,97773332,17733517312,73458845519.09645,54.70712357435052,0.07281489
TreeLowOffset,0,1,128,5348897756,201902644,11943280640,59058179215.111626,26.492460177985585,0.090569974
TreeLowOffset,0,1,128,5348897756,201902644,11943280640,56588084560.18925,26.492460177985585,0.094523393
TreeLowOffset,0,1,128,5348897756,201902644,11943280640,59199974863.04861,26.492460177985585,0.090353041
TreeLowOffset,0,1,256,5348897756,337018812,10179575808,35466042627.430885,15.871214203912155,0.15081744
TreeLowOffset,0,1,256,5348897756,337018812,10179575808,35161981216.26704,15.871214203912155,0.152121626
TreeLowOffset,0,1,256,5348897756,337018812,10179575808,35239381006.76086,15.871214203912155,0.15178750600000002
TreeLowOffset,0,1,512,5348897756,497083520,7874805760,31390923157.207405,10.760561436436275,0.170396319
TreeLowOffset,0,1,512,5348897756,497083520,7874805760,31624500004.525898,10.760561436436275,0.169137781
TreeLowOffset,0,1,512,5348897756,497083520,8048869376,31689045220.02405,10.760561436436275,0.168793276
TreeLowOffset,0,1,1024,5348897756,672548856,7369392128,23612731076.665325,7.953173525285128,0.22652601
TreeLowOffset,0,1,1024,5348897756,672548856,7350517760,23561294304.030815,7.953173525285128,0.22702054
TreeLowOffset,0,1,1024,5348897756,672548856,7369392128,23284233912.948734,7.953173525285128,0.22972187
TreeLowOffset,0,1,2048,5348897756,851030392,7203717120,12796320091.723785,6.285201805107802,0.41800281
TreeLowOffset,0,1,2048,5348897756,851030392,7235174400,13057522515.624592,6.285201805107802,0.40964109000000004
TreeLowOffset,0,1,2048,5348897756,851030392,7235174400,13906431807.355139,6.285201805107802,0.38463481
TreeLowOffset,0,1,4096,5348897756,1007058088,7230980096,16138255922.331175,5.311409361323753,0.33144212
TreeLowOffset,0,1,4096,5348897756,1007058088,7230980096,16313938252.957615,5.311409361323753,0.32787287000000004
TreeLowOffset,0,1,4096,5348897756,1007058088,7245660160,16397983496.918276,5.311409361323753,0.32619241
Full,0,2,32,5348897756,5348897756,5867831296,3446790477.515237,1.0,1.551848826
Full,0,2,32,5348897756,5348897756,5867831296,3431929881.4771047,1.0,1.558568485
Full,0,2,32,5348897756,5348897756,5867831296,3419013036.1117473,1.0,1.564456672
Full,0,2,64,5348897756,5348897756,5867831296,3511708402.407471,1.0,1.5231611349999998
Full,0,2,64,5348897756,5348897756,5867831296,2720650651.7729325,1.0,1.966036232
Full,0,2,64,5348897756,5348897756,5867831296,3459698145.417647,1.0,1.546059087
Full,0,2,128,5348897756,5348897756,5867831296,3384029837.8113136,1.0,1.580629608
Full,0,2,128,5348897756,5348897756,5867831296,3378517634.9700136,1.0,1.583208476
Full,0,2,128,5348897756,5348897756,5867831296,3323641957.00582,1.0,1.609348367
Full,0,2,256,5348897756,5348897756,5867831296,3381169489.6012363,1.0,1.5819667640000001
Full,0,2,256,5348897756,5348897756,5867831296,3429514128.73408,1.0,1.559666342
Full,0,2,256,5348897756,5348897756,5867831296,2792911113.362284,1.0,1.915169348
Full,0,2,512,5348897756,5348897756,5867831296,3232698537.317977,1.0,1.6546231249999999
Full,0,2,512,5348897756,5348897756,5867831296,3406059742.4122825,1.0,1.570406323
Full,0,2,512,5348897756,5348897756,5867831296,3391091272.293588,1.0,1.577338186
Full,0,2,1024,5348897756,5348897756,5867831296,3440037560.1914935,1.0,1.5548951610000001
Full,0,2,1024,5348897756,5348897756,5867831296,3441334253.839109,1.0,1.554309277
Full,0,2,1024,5348897756,5348897756,5867831296,3441605172.0687366,1.0,1.554186924
Full,0,2,2048,5348897756,5348897756,5867831296,2589804455.0546756,1.0,2.065367424
Full,0,2,2048,5348897756,5348897756,5867831296,2400270781.9260745,1.0,2.2284559710000003
Full,0,2,2048,5348897756,5348897756,5867831296,2620764502.3974977,1.0,2.040968485
Full,0,2,4096,5348897756,5348897756,5867831296,3318264449.7288465,1.0,1.611956442
Full,0,2,4096,5348897756,5348897756,5867831296,3346181382.3599634,1.0,1.598508014
Full,0,2,4096,5348897756,5348897756,5867831296,3313327306.534478,1.0,1.6143583959999999
Basic,0,2,32,5348897756,423767912,14583595008,13605097296.860178,12.622234021343267,0.39315395100000006
Basic,0,2,32,5348897756,423767912,14583595008,13485283395.823944,12.622234021343267,0.39664704100000003
Basic,0,2,32,5348897756,423767912,14583595008,13671300325.001825,12.622234021343267,0.39125011
Basic,0,2,64,5348897756,434484332,12899581952,19918862046.02001,12.310910571569242,0.268534304
Basic,0,2,64,5348897756,434484332,12899581952,19332860492.66983,12.310910571569242,0.27667389200000003
Basic,0,2,64,5348897756,434484332,12899581952,19935234466.281307,12.310910571569242,0.268313762
Basic,0,2,128,5348897756,468589736,12060721152,24412656411.08899,11.414884588936024,0.219103471
Basic,0,2,128,5348897756,468589736,12060721152,24391669999.285793,11.414884588936024,0.219291986
Basic,0,2,128,5348897756,468589736,12060721152,23124429921.000744,11.414884588936024,0.231309389
Basic,0,2,256,5348897756,526793052,11641290752,21656676027.153286,10.153698374898081,0.246986091
Basic,0,2,256,5348897756,526793052,11641290752,21714550673.63648,10.153698374898081,0.246327812
Basic,0,2,256,5348897756,526793052,11641290752,21851654010.433426,10.153698374898081,0.244782283
Basic,0,2,512,5348897756,609264452,11429478400,23960554484.437428,8.779271034837922,0.22323764499999998
Basic,0,2,512,5348897756,609264452,11429478400,24843134971.88606,8.779271034837922,0.21530687499999998
Basic,0,2,512,5348897756,609264452,11429478400,16553665154.886963,8.779271034837922,0.32312468
Basic,0,2,1024,5348897756,711051184,11322523648,22496097315.140614,7.522521411060613,0.237770031
Basic,0,2,1024,5348897756,711051184,11322523648,22829573324.489628,7.522521411060613,0.234296878
Basic,0,2,1024,5348897756,711051184,11322523648,22810501913.600582,7.522521411060613,0.23449276900000002
Basic,0,2,2048,5348897756,817992896,11270094848,15340380808.586765,6.53905160076109,0.348680898
Basic,0,2,2048,5348897756,817992896,11270094848,14339557222.253769,6.53905160076109,0.37301693999999996
Basic,0,2,2048,5348897756,817992896,11270094848,13500793239.137928,6.53905160076109,0.396191369
Basic,0,2,4096,5348897756,910109832,11244929024,17413659288.01951,5.877200276196994,0.30716678599999997
Basic,0,2,4096,5348897756,910109832,11244929024,17297098643.55914,5.877200276196994,0.309236703
Basic,0,2,4096,5348897756,910109832,11244929024,17312216091.140186,5.877200276196994,0.30896667
List,0,2,32,5348897756,109691124,20849885184,59339980980.44591,48.763268721724465,0.090139863
List,0,2,32,5348897756,109691124,20849885184,61252025595.3392,48.763268721724465,0.08732605500000001
List,0,2,32,5348897756,109691124,20849885184,60890537848.46725,48.763268721724465,0.087844482
List,0,2,64,5348897756,117963956,13407092736,67393420207.6198,45.343492515629094,0.079368249
List,0,2,64,5348897756,117963956,13407092736,69612408762.92389,45.343492515629094,0.07683828000000001
List,0,2,64,5348897756,117963956,13407092736,75603488659.56381,45.343492515629094,0.070749351
List,0,2,128,5348897756,212528768,9770631168,60383171862.55223,25.167876360154686,0.08858258999999999
List,0,2,128,5348897756,212528768,9770631168,60760239929.04195,25.167876360154686,0.088032861
List,0,2,128,5348897756,212528768,9770631168,57430340877.65267,25.167876360154686,0.09313714099999999
List,0,2,256,5348897756,328271760,8065646592,35534885391.35994,16.29411483948543,0.150525257
List,0,2,256,5348897756,328271760,8065646592,37189572334.06142,16.29411483948543,0.14382789099999999
List,0,2,256,5348897756,328271760,8065646592,35870570205.03042,16.29411483948543,0.14911660799999998
List,0,2,512,5348897756,458065388,7325351936,32250387874.249424,11.677148931409766,0.16585529999999998
List,0,2,512,5348897756,458065388,7325351936,32314799137.844738,11.677148931409766,0.16552471
List,0,2,512,5348897756,458065388,7325351936,30052514843.52364,11.677148931409766,0.17798503
List,0,2,1024,5348897756,594975208,7090470912,26303734203.381172,8.990118721047617,0.20335127
List,0,2,1024,5348897756,594975208,7071596544,26822760276.763622,8.990118721047617,0.19941638
List,0,2,1024,5348897756,594975208,7090470912,27140020656.035904,8.990118721047617,0.19708525
List,0,2,2048,5348897756,729919004,7046430720,15326816470.283146,7.328070274493086,0.348989483
List,0,2,2048,5348897756,729919004,7067402240,14706121362.830908,7.328070274493086,0.363719136
List,0,2,2048,5348897756,729919004,7067402240,17247311698.42381,7.328070274493086,0.310129361
List,0,2,4096,5348897756,844977492,7172259840,19305143798.15345,6.330225132197959,0.27707111700000003
List,0,2,4096,5348897756,844977492,7155482624,19520548273.306255,6.330225132197959,0.274013705
List,0,2,4096,5348897756,844977492,7155482624,19556444901.897125,6.330225132197959,0.27351074200000003
TreeLowOffset,0,2,32,5348897756,52898892,28974252032,65852611823.110176,101.11549701267845,0.081225294
TreeLowOffset,0,2,32,5348897756,52898892,28974252032,73257125785.2043,101.11549701267845,0.073015392
TreeLowOffset,0,2,32,5348897756,52898892,28974252032,76197179448.15805,101.11549701267845,0.07019810700000001
TreeLowOffset,0,2,64,5348897756,94478108,17733517312,70558933414.52141,56.61520821310266,0.07580752
TreeLowOffset,0,2,64,5348897756,94478108,17733517312,71703687460.42749,56.61520821310266,0.074597248
TreeLowOffset,0,2,64,5348897756,94478108,17733517312,79921404425.06784,56.61520821310266,0.066926974
TreeLowOffset,0,2,128,5348897756,201617120,11943280640,58494075160.866425,26.529977989964344,0.091443411
TreeLowOffset,0,2,128,5348897756,201617120,11943280640,59197710553.121605,26.529977989964344,0.090356497
TreeLowOffset,0,2,128,5348897756,201617120,11943280640,47596372024.66157,26.529977989964344,0.112380367
TreeLowOffset,0,2,256,5348897756,322689364,10179575808,37622337840.77344,16.575996462033995,0.142173455
TreeLowOffset,0,2,256,5348897756,322689364,10179575808,37225845224.30914,16.575996462033995,0.143687745
TreeLowOffset,0,2,256,5348897756,322689364,10179575808,33746439259.897987,16.575996462033995,0.158502582
TreeLowOffset,0,2,512,5348897756,454971604,7874805760,31095476716.315353,11.756552956214824,0.17201529999999998
TreeLowOffset,0,2,512,5348897756,454971604,7874805760,30523739843.058525,11.756552956214824,0.1752373
TreeLowOffset,0,2,512,5348897756,454971604,8048869376,31360926997.23791,11.756552956214824,0.1705593
TreeLowOffset,0,2,1024,5348897756,593145732,7369392128,27537057476.90937,9.017847499238181,0.194243621
TreeLowOffset,0,2,1024,5348897756,593145732,7350517760,27469921188.886814,9.017847499238181,0.194718351
TreeLowOffset,0,2,1024,5348897756,593145732,7369392128,27490184642.133114,9.017847499238181,0.194574821
TreeLowOffset,0,2,2048,5348897756,728789492,7203717120,13907712242.4409,7.339427660134265,0.384599398
TreeLowOffset,0,2,2048,5348897756,728789492,7235174400,16420303900.78452,7.339427660134265,0.32574901100000003
TreeLowOffset,0,2,2048,5348897756,728789492,7235174400,17241733989.04363,7.339427660134265,0.310229688
TreeLowOffset,0,2,4096,5348897756,844269984,7230980096,19464025085.36861,6.33552993398851,0.274809436
TreeLowOffset,0,2,4096,5348897756,844269984,7230980096,19572376333.634212,6.33552993398851,0.273288111
TreeLowOffset,0,2,4096,5348897756,844269984,7245660160,19285781180.216602,6.33552993398851,0.277349292
Full,0,3,32,5348897756,5348897756,5867831296,3447928211.3675284,1.0,1.5513367530000002
Full,0,3,32,5348897756,5348897756,5867831296,3437582388.2751994,1.0,1.55600569
Full,0,3,32,5348897756,5348897756,5867831296,3409255157.2796206,1.0,1.568934418
Full,0,3,64,5348897756,5348897756,5867831296,1591041034.279037,1.0,3.361885483
Full,0,3,64,5348897756,5348897756,5867831296,2494751640.4229064,1.0,2.144060222
Full,0,3,64,5348897756,5348897756,5867831296,3512906382.0209846,1.0,1.522641703
Full,0,3,128,5348897756,5348897756,5867831296,3403174287.4145217,1.0,1.5717378260000001
Full,0,3,128,5348897756,5348897756,5867831296,3363562634.0133986,1.0,1.590247704
Full,0,3,128,5348897756,5348897756,5867831296,3399864147.1202283,1.0,1.573268085
Full,0,3,256,5348897756,5348897756,5867831296,3453712908.746875,1.0,1.548738386
Full,0,3,256,5348897756,5348897756,5867831296,3416481474.427223,1.0,1.5656159109999999
Full,0,3,256,5348897756,5348897756,5867831296,2780308904.6068015,1.0,1.923850169
Full,0,3,512,5348897756,5348897756,5867831296,3307718863.6117287,1.0,1.617095641
Full,0,3,512,5348897756,5348897756,5867831296,3404716051.3966074,1.0,1.5710260930000002
Full,0,3,512,5348897756,5348897756,5867831296,3391908207.1446066,1.0,1.576958287
Full,0,3,1024,5348897756,5348897756,5867831296,3329607879.293861,1.0,1.60646477
Full,0,3,1024,5348897756,5348897756,5867831296,3436298345.890916,1.0,1.5565871230000001
Full,0,3,1024,5348897756,5348897756,5867831296,3435593676.976824,1.0,1.556906392
Full,0,3,2048,5348897756,5348897756,5867831296,2242999187.283253,1.0,2.3847078440000002
Full,0,3,2048,5348897756,5348897756,5867831296,2615164859.787642,1.0,2.045338647
Full,0,3,2048,5348897756,5348897756,5867831296,2383150112.487147,1.0,2.2444653100000003
Full,0,3,4096,5348897756,5348897756,5867831296,3323210906.5748878,1.0,1.609557114
Full,0,3,4096,5348897756,5348897756,5867831296,3284432680.900557,1.0,1.62856063
Full,0,3,4096,5348897756,5348897756,5867831296,3301164875.1673684,1.0,1.6203061520000002
Basic,0,3,32,5348897756,452977556,14583595008,13297983298.293798,11.808306361209649,0.402233755
Basic,0,3,32,5348897756,452977556,14583595008,13243123177.539406,11.808306361209649,0.40390002300000005
Basic,0,3,32,5348897756,452977556,14583595008,13340180199.675663,11.808306361209649,0.400961432
Basic,0,3,64,5348897756,450499148,12899581952,18376979669.545975,11.873269416260916,0.291065118
Basic,0,3,64,5348897756,450499148,12899581952,19459878389.988617,11.873269416260916,0.27486799500000003
Basic,0,3,64,5348897756,450499148,12899581952,19513425232.342155,11.873269416260916,0.27411372900000003
Basic,0,3,128,5348897756,467177204,12060721152,23662353639.19711,11.449398023281976,0.22605096
Basic,0,3,128,5348897756,467177204,12060721152,24581836566.219906,11.449398023281976,0.21759552999999998
Basic,0,3,128,5348897756,467177204,12060721152,24044296707.42012,11.449398023281976,0.22246014600000003
Basic,0,3,256,5348897756,500051792,11641290752,22574519859.609715,10.696687506321345,0.236944032
Basic,0,3,256,5348897756,500051792,11641290752,23216694519.202778,10.696687506321345,0.230390151
Basic,0,3,256,5348897756,500051792,11641290752,21556945363.641323,10.696687506321345,0.248128743
Basic,0,3,512,5348897756,546161264,11429478400,27216851665.587654,9.793623437930231,0.196528894
Basic,0,3,512,5348897756,546161264,11429478400,27117315943.783394,9.793623437930231,0.197250265
Basic,0,3,512,5348897756,546161264,11429478400,26935196706.48106,9.793623437930231,0.19858395
Basic,0,3,1024,5348897756,600659404,11322523648,26476358592.696182,8.905042891828261,0.202025431
Basic,0,3,1024,5348897756,600659404,11322523648,26138694092.82027,8.905042891828261,0.204635233
Basic,0,3,1024,5348897756,600659404,11322523648,26440382473.547977,8.905042891828261,0.202300317
Basic,0,3,2048,5348897756,655583252,11270094848,19006101519.366634,8.158990852316649,0.281430558
Basic,0,3,2048,5348897756,655583252,11270094848,18542689701.59021,8.158990852316649,0.28846396300000005
Basic,0,3,2048,5348897756,655583252,11270094848,17694261166.71632,8.158990852316649,0.302295626
Basic,0,3,4096,5348897756,703334532,11244929024,21929953642.98834,7.605054938494048,0.243908302
Basic,0,3,4096,5348897756,703334532,11244929024,22157354581.834778,7.605054938494048,0.241405071
Basic,0,3,4096,5348897756,703334532,11244929024,22146934640.45116,7.605054938494048,0.24151865
List,0,3,32,5348897756,110259016,20849885184,58816340536.34139,48.51211220676956,0.09094237599999999
List,0,3,32,5348897756,110259016,20849885184,59426251362.29425,48.51211220676956,0.090009005
List,0,3,32,5348897756,110259016,20849885184,57341560930.80222,48.51211220676956,0.09328134199999999
List,0,3,64,5348897756,99490180,13407092736,70707619212.16539,53.76307245599516,0.07564810999999999
List,0,3,64,5348897756,99490180,13407092736,80862704325.47092,53.76307245599516,0.066147896
List,0,3,64,5348897756,99490180,13407092736,81341129578.74419,53.76307245599516,0.065758833
List,0,3,128,5348897756,173108260,9770631168,68728775213.11082,30.899148059139407,0.077826176
List,0,3,128,5348897756,173108260,9770631168,69073646531.29446,30.899148059139407,0.07743760499999999
List,0,3,128,5348897756,173108260,9770631168,69046018353.42532,30.899148059139407,0.077468591
List,0,3,256,5348897756,255382756,8065646592,40286050404.0921,20.944631657119402,0.13277295
List,0,3,256,5348897756,255382756,8065646592,33907249418.481777,20.944631657119402,0.15775086
List,0,3,256,5348897756,255382756,8065646592,38943671885.46599,20.944631657119402,0.13734960000000002
List,0,3,512,5348897756,340772324,7325351936,41041030006.06267,15.696397210942518,0.130330495
List,0,3,512,5348897756,340772324,7325351936,41507106576.94577,15.696397210942518,0.128867035
List,0,3,512,5348897756,340772324,7325351936,43672152428.76798,15.696397210942518,0.122478455
List,0,3,1024,5348897756,428777196,7090470912,37253865787.54499,12.474771993238186,0.14357967
List,0,3,1024,5348897756,428777196,7071596544,32374083371.19511,12.474771993238186,0.165221597
List,0,3,1024,5348897756,428777196,7090470912,37513890844.357605,12.474771993238186,0.142584457
List,0,3,2048,5348897756,516922412,7046430720,23499814207.76983,10.347583373885518,0.22761447
List,0,3,2048,5348897756,516922412,7067402240,18915868241.33346,10.347583373885518,0.28277305
List,0,3,2048,5348897756,516922412,7067402240,18217515558.15444,10.347583373885518,0.29361291
List,0,3,4096,5348897756,597462248,7172259840,25116673408.870117,8.952695796103255,0.21296203
List,0,3,4096,5348897756,597462248,7155482624,26166589191.079338,8.952695796103255,0.20441708
List,0,3,4096,5348897756,597462248,7155482624,26100110970.287857,8.952695796103255,0.20493773999999998
TreeLowOffset,0,3,32,5348897756,39778932,28974252032,76176242353.37334,134.46559490335235,0.07021740100000001
TreeLowOffset,0,3,32,5348897756,39778932,28974252032,87056832434.30124,134.46559490335235,0.061441446999999996
TreeLowOffset,0,3,32,5348897756,39778932,28974252032,81241044173.17508,134.46559490335235,0.065839845
TreeLowOffset,0,3,64,5348897756,69354036,17733517312,91409998684.79193,77.12453469903323,0.058515456
TreeLowOffset,0,3,64,5348897756,69354036,17733517312,93307650869.48466,77.12453469903323,0.057325392999999995
TreeLowOffset,0,3,64,5348897756,69354036,17733517312,93295672649.80281,77.12453469903323,0.057332753
TreeLowOffset,0,3,128,5348897756,158963480,11943280640,69791682212.10747,33.648594985464584,0.076640906
TreeLowOffset,0,3,128,5348897756,158963480,11943280640,71191386414.93315,33.648594985464584,0.075134058
TreeLowOffset,0,3,128,5348897756,158963480,11943280640,70025835641.57466,33.648594985464584,0.07638463300000001
TreeLowOffset,0,3,256,5348897756,248398272,10179575808,37813636894.485985,21.533554613455603,0.1414542
TreeLowOffset,0,3,256,5348897756,248398272,10179575808,38895897898.679665,21.533554613455603,0.1375183
TreeLowOffset,0,3,256,5348897756,248398272,10179575808,36286247975.01363,21.533554613455603,0.1474084
TreeLowOffset,0,3,512,5348897756,337233188,7874805760,44650383286.917694,15.861125020708222,0.11979511400000001
TreeLowOffset,0,3,512,5348897756,337233188,7874805760,42815022137.36644,15.861125020708222,0.124930398
TreeLowOffset,0,3,512,5348897756,337233188,8048869376,44811960560.1634,15.861125020708222,0.119363172
TreeLowOffset,0,3,1024,5348897756,426931528,7369392128,36710725293.161575,12.52870168913831,0.145703952
TreeLowOffset,0,3,1024,5348897756,426931528,7350517760,37076722417.19509,12.52870168913831,0.144265658
TreeLowOffset,0,3,1024,5348897756,426931528,7369392128,35960962039.53768,12.52870168913831,0.14874178700000001
TreeLowOffset,0,3,2048,5348897756,515928164,7203717120,19786338073.2673,10.367524258667919,0.27033288
TreeLowOffset,0,3,2048,5348897756,515928164,7235174400,18081347933.633255,10.367524258667919,0.29582406
TreeLowOffset,0,3,2048,5348897756,515928164,7235174400,19696356417.40842,10.367524258667919,0.27156788
TreeLowOffset,0,3,4096,5348897756,596910612,7230980096,25601187125.185402,8.960969445790319,0.20893163
TreeLowOffset,0,3,4096,5348897756,596910612,7230980096,25739609285.569508,8.960969445790319,0.20780804
TreeLowOffset,0,3,4096,5348897756,596910612,7245660160,25991059934.61537,8.960969445790319,0.20579759999999997
Full,0,4,32,5348897756,5348897756,5867831296,3442627190.402156,1.0,1.55372553
Full,0,4,32,5348897756,5348897756,5867831296,3440361029.0354996,1.0,1.554748967
Full,0,4,32,5348897756,5348897756,5867831296,3425049243.41979,1.0,1.561699519
Full,0,4,64,5348897756,5348897756,5867831296,3014043246.4340878,1.0,1.7746585959999999
Full,0,4,64,5348897756,5348897756,5867831296,3498620201.604553,1.0,1.528859221
Full,0,4,64,5348897756,5348897756,5867831296,3503022852.808834,1.0,1.526937728
Full,0,4,128,5348897756,5348897756,5867831296,3408222129.544788,1.0,1.56940996
Full,0,4,128,5348897756,5348897756,5867831296,3390552103.083355,1.0,1.577589016
Full,0,4,128,5348897756,5348897756,5867831296,3334684501.335847,1.0,1.6040191369999999
Full,0,4,256,5348897756,5348897756,5867831296,3448654570.2233443,1.0,1.5510100089999999
Full,0,4,256,5348897756,5348897756,5867831296,3435748837.83799,1.0,1.556836081
Full,0,4,256,5348897756,5348897756,5867831296,2894785554.2811403,1.0,1.8477699490000001
Full,0,4,512,5348897756,5348897756,5867831296,3387787618.2162237,1.0,1.578876352
Full,0,4,512,5348897756,5348897756,5867831296,3399373938.5090714,1.0,1.573494959
Full,0,4,512,5348897756,5348897756,5867831296,3430218199.677135,1.0,1.559346212
Full,0,4,1024,5348897756,5348897756,5867831296,3443845491.958164,1.0,1.553175881
Full,0,4,1024,5348897756,5348897756,5867831296,3425692761.440015,1.0,1.5614061529999999
Full,0,4,1024,5348897756,5348897756,5867831296,3438656792.2190485,1.0,1.5555195179999999
Full,0,4,2048,5348897756,5348897756,5867831296,2368636488.8889813,1.0,2.258218085
Full,0,4,2048,5348897756,5348897756,5867831296,2519525169.980808,1.0,2.122978496
Full,0,4,2048,5348897756,5348897756,5867831296,2575278615.915766,1.0,2.077017113
Full,0,4,4096,5348897756,5348897756,5867831296,3333277779.3035426,1.0,1.604696071
Full,0,4,4096,5348897756,5348897756,5867831296,3007972882.6528,1.0,1.778240019
Full,0,4,4096,5348897756,5348897756,5867831296,3311671007.8236732,1.0,1.6151658009999998
Basic,0,4,32,5348897756,471814268,14583595008,13075127225.570847,11.33687155895845,0.40908953800000003
Basic,0,4,32,5348897756,471814268,14583595008,13145776058.778437,11.33687155895845,0.406890984
Basic,0,4,32,5348897756,471814268,14583595008,12699287372.835598,11.33687155895845,0.421196686
Basic,0,4,64,5348897756,455849524,12899581952,18469285831.341976,11.733911026306128,0.289610427
Basic,0,4,64,5348897756,455849524,12899581952,17352475030.92021,11.733911026306128,0.308249846
Basic,0,4,64,5348897756,455849524,12899581952,19225516743.0836,11.733911026306128,0.27821867299999997
Basic,0,4,128,5348897756,451535864,12060721152,25056845583.30294,11.846008661672997,0.213470516
Basic,0,4,128,5348897756,451535864,12060721152,24109957553.222992,11.846008661672997,0.2218543
Basic,0,4,128,5348897756,451535864,12060721152,25145200825.404526,11.846008661672997,0.212720423
Basic,0,4,256,5348897756,452363632,11641290752,24982780659.43088,11.824331970170405,0.214103379
Basic,0,4,256,5348897756,452363632,11641290752,24486512082.422596,11.824331970170405,0.218442616
Basic,0,4,256,5348897756,452363632,11641290752,23794340776.42013,11.824331970170405,0.224797056
Basic,0,4,512,5348897756,453993860,11429478400,31418589999.0643,11.781872459684807,0.17024626999999998
Basic,0,4,512,5348897756,453993860,11429478400,31404100631.981293,11.781872459684807,0.17032481900000002
Basic,0,4,512,5348897756,453993860,11429478400,31220946350.596474,11.781872459684807,0.171324011
Basic,0,4,1024,5348897756,454574436,11322523648,33769646192.334583,11.766824819862945,0.158393657
Basic,0,4,1024,5348897756,454574436,11322523648,34029830996.638287,11.766824819862945,0.157182613
Basic,0,4,1024,5348897756,454574436,11322523648,33559754784.367336,11.766824819862945,0.15938429199999998
Basic,0,4,2048,5348897756,454741700,11270094848,24795560225.80755,11.76249672286487,0.21571998
Basic,0,4,2048,5348897756,454741700,11270094848,24594922328.357567,11.76249672286487,0.217479758
Basic,0,4,2048,5348897756,454741700,11270094848,25766592112.970448,11.76249672286487,0.20759042300000002
Basic,0,4,4096,5348897756,455694532,11244929024,32142647264.34733,11.737901994400056,0.16641123900000002
Basic,0,4,4096,5348897756,455694532,11244929024,32236986968.137257,11.737901994400056,0.165924246
Basic,0,4,4096,5348897756,455694532,11244929024,31933879617.49203,11.737901994400056,0.167499152
List,0,4,32,5348897756,105047460,20849885184,59583195007.78411,50.91886806211212,0.089771919
List,0,4,32,5348897756,105047460,20849885184,59973074456.386215,50.91886806211212,0.08918832
List,0,4,32,5348897756,105047460,20849885184,58533988679.95148,50.91886806211212,0.09138105699999999
List,0,4,64,5348897756,58801304,13407092736,90658824559.51622,90.96563157851057,0.059000299
List,0,4,64,5348897756,58801304,13407092736,94745550390.06189,90.96563157851057,0.056455398000000004
List,0,4,64,5348897756,58801304,13407092736,97866952850.79314,90.96563157851057,0.05465479
List,0,4,128,5348897756,131643184,9770631168,81860348259.46329,40.63178657240621,0.06534174200000001
List,0,4,128,5348897756,131643184,9770631168,82125295195.71965,40.63178657240621,0.065130941
List,0,4,128,5348897756,131643184,9770631168,79088554718.12021,40.63178657240621,0.067631755
List,0,4,256,5348897756,181325324,8065646592,59035253428.09999,29.49890085954017,0.090605146
List,0,4,256,5348897756,181325324,8065646592,57487666741.33363,29.49890085954017,0.093044266
List,0,4,256,5348897756,181325324,8065646592,59652008976.76738,29.49890085954017,0.089668359
List,0,4,512,5348897756,218136612,7325351936,62616350004.5772,24.520861981664957,0.08542334
List,0,4,512,5348897756,218136612,7325351936,53070140054.17147,24.520861981664957,0.100789215
List,0,4,512,5348897756,218136612,7325351936,61664592572.439125,24.520861981664957,0.0867418
List,0,4,1024,5348897756,243568096,7090470912,59306427466.08217,21.960584509393218,0.09019086100000001
List,0,4,1024,5348897756,243568096,7071596544,59349798007.661644,21.960584509393218,0.09012495300000001
List,0,4,1024,5348897756,243568096,7090470912,59428627609.32382,21.960584509393218,0.090005406
List,0,4,2048,5348897756,265459164,7046430720,46035773810.740005,20.149606724445196,0.116190026
List,0,4,2048,5348897756,265459164,7067402240,43535050479.4856,20.149606724445196,0.122864168
List,0,4,2048,5348897756,265459164,7067402240,40171228655.3693,20.149606724445196,0.133152456
List,0,4,4096,5348897756,289776248,7172259840,48342855021.27239,18.458717002920128,0.11064505300000001
List,0,4,4096,5348897756,289776248,7155482624,48877516350.40829,18.458717002920128,0.109434729
List,0,4,4096,5348897756,289776248,7155482624,49164399768.27491,18.458717002920128,0.10879615699999999
TreeLowOffset,0,4,32,5348897756,26762676,28974252032,98907072708.3321,199.864085190883,0.054080033
TreeLowOffset,0,4,32,5348897756,26762676,28974252032,99410523837.49725,199.864085190883,0.053806151999999996
TreeLowOffset,0,4,32,5348897756,26762676,28974252032,57412547003.32923,199.864085190883,0.093166007
TreeLowOffset,0,4,64,5348897756,26691800,17733517312,130094296113.4115,200.39479375688413,0.041115544000000004
TreeLowOffset,0,4,64,5348897756,26691800,17733517312,128099828579.08398,200.39479375688413,0.041755698
TreeLowOffset,0,4,64,5348897756,26691800,17733517312,126665740340.12,200.39479375688413,0.042228449
TreeLowOffset,0,4,128,5348897756,115913332,11943280640,85366116016.76419,46.14566472819537,0.062658324
TreeLowOffset,0,4,128,5348897756,115913332,11943280640,81019397026.33893,46.14566472819537,0.066019965
TreeLowOffset,0,4,128,5348897756,115913332,11943280640,84703400299.23088,46.14566472819537,0.06314856
TreeLowOffset,0,4,256,5348897756,173277252,10179575808,58503703856.18091,30.869013065835095,0.091428361
TreeLowOffset,0,4,256,5348897756,173277252,10179575808,60771800209.54117,30.869013065835095,0.088016115
TreeLowOffset,0,4,256,5348897756,173277252,10179575808,34294507186.97483,30.869013065835095,0.155969518
TreeLowOffset,0,4,512,5348897756,214013508,7874805760,61760692750.9146,24.993271714419073,0.086606829
TreeLowOffset,0,4,512,5348897756,214013508,7874805760,64460580215.84428,24.993271714419073,0.082979361
TreeLowOffset,0,4,512,5348897756,214013508,8048869376,54759497565.812416,24.993271714419073,0.097679818
TreeLowOffset,0,4,1024,5348897756,241521052,7369392128,52046858013.47679,22.146714382479587,0.10277080999999999
TreeLowOffset,0,4,1024,5348897756,241521052,7350517760,53483383198.11747,22.146714382479587,0.10001046000000001
TreeLowOffset,0,4,1024,5348897756,241521052,7369392128,56494955502.9029,22.146714382479587,0.09467921000000001
TreeLowOffset,0,4,2048,5348897756,264477420,7203717120,39358458809.5517,20.224402355407125,0.13590211400000002
TreeLowOffset,0,4,2048,5348897756,264477420,7235174400,34067321983.566944,20.224402355407125,0.157009634
TreeLowOffset,0,4,2048,5348897756,264477420,7235174400,38476684039.72392,20.224402355407125,0.139016599
TreeLowOffset,0,4,4096,5348897756,289317464,7230980096,50281679196.153076,18.487987838853723,0.106378662
TreeLowOffset,0,4,4096,5348897756,289317464,7230980096,49768359225.48606,18.487987838853723,0.107475871
TreeLowOffset,0,4,4096,5348897756,289317464,7245660160,49765378188.88874,18.487987838853723,0.107482309
